store_id,sku,on_hand_qty,reorder_point,safety_stock
STO-NW-001,PAIN-001,9,62,40
STO-NW-001,PAIN-002,67,47,30
STO-NW-001,PAIN-003,64,45,28
STO-NW-001,PAIN-004,62,42,27
STO-NW-001,PAIN-005,60,41,26
STO-NW-001,PAIN-006,58,39,25
STO-NW-001,PAIN-007,54,37,24
STO-NW-001,PAIN-008,48,35,21
STO-NW-001,PAIN-009,46,33,21
STO-NW-001,PAIN-010,44,31,20
STO-NW-001,COLD-001,106,48,30
STO-NW-001,COLD-002,101,46,29
STO-NW-001,COLD-003,99,45,28
STO-NW-001,COLD-004,97,44,27
STO-NW-001,COLD-005,91,41,26
STO-NW-001,COLD-006,88,40,25
STO-NW-001,COLD-007,82,37,23
STO-NW-001,COLD-008,78,36,22
STO-NW-001,COLD-009,72,34,20
STO-NW-001,COLD-010,63,29,18
STO-NW-001,VIT-001,48,32,18
STO-NW-001,VIT-002,46,30,18
STO-NW-001,VIT-003,44,28,17
STO-NW-001,VIT-004,41,27,16
STO-NW-001,VIT-005,39,26,15
STO-NW-001,VIT-006,38,25,15
STO-NW-001,VIT-007,36,24,14
STO-NW-001,VIT-008,33,23,13
STO-NW-001,VIT-009,31,21,12
STO-NW-001,VIT-010,31,20,12
STO-NW-001,ALLERGY-001,42,26,16
STO-NW-001,ALLERGY-002,40,24,15
STO-NW-001,ALLERGY-003,39,24,15
STO-NW-001,ALLERGY-004,36,23,14
STO-NW-001,ALLERGY-005,36,22,14
STO-NW-001,ALLERGY-006,34,21,13
STO-NW-001,ALLERGY-007,33,21,13
STO-NW-001,ALLERGY-008,32,20,12
STO-NW-001,ALLERGY-009,29,19,11
STO-NW-001,ALLERGY-010,32,20,12
STO-NW-001,DIGEST-001,34,21,18
STO-NW-001,DIGEST-002,32,20,17
STO-NW-001,DIGEST-003,31,20,16
STO-NW-001,DIGEST-004,30,19,16
STO-NW-001,DIGEST-005,28,18,15
STO-NW-001,DIGEST-006,27,17,14
STO-NW-001,DIGEST-007,27,17,14
STO-NW-001,DIGEST-008,25,16,13
STO-NW-001,DIGEST-009,24,16,13
STO-NW-001,DIGEST-010,10,16,11
STO-NW-001,FIRST-001,27,14,8
STO-NW-001,FIRST-002,24,12,7
STO-NW-001,FIRST-003,23,12,7
STO-NW-001,FIRST-004,20,10,6
STO-NW-001,FIRST-005,19,10,6
STO-NW-001,FIRST-006,18,9,6
STO-NW-001,FIRST-007,18,9,5
STO-NW-001,FIRST-008,18,9,5
STO-NW-001,FIRST-009,18,9,5
STO-NW-001,FIRST-010,18,9,5
STO-NW-002,PAIN-001,56,37,21
STO-NW-002,PAIN-002,55,36,20
STO-NW-002,PAIN-003,52,34,20
STO-NW-002,PAIN-004,48,32,18
STO-NW-002,PAIN-005,46,31,17
STO-NW-002,PAIN-006,45,30,17
STO-NW-002,PAIN-007,44,29,16
STO-NW-002,PAIN-008,41,26,15
STO-NW-002,PAIN-009,40,25,15
STO-NW-002,PAIN-010,35,19,13
STO-NW-002,COLD-001,59,28,22
STO-NW-002,COLD-002,57,27,21
STO-NW-002,COLD-003,54,26,20
STO-NW-002,COLD-004,53,25,19
STO-NW-002,COLD-005,51,24,19
STO-NW-002,COLD-006,48,23,17
STO-NW-002,COLD-007,45,21,17
STO-NW-002,COLD-008,45,21,16
STO-NW-002,COLD-009,42,19,15
STO-NW-002,COLD-010,38,21,14
STO-NW-002,VIT-001,43,27,18
STO-NW-002,VIT-002,41,26,18
STO-NW-002,VIT-003,39,25,17
STO-NW-002,VIT-004,37,24,16
STO-NW-002,VIT-005,36,23,15
STO-NW-002,VIT-006,35,22,15
STO-NW-002,VIT-007,33,21,14
STO-NW-002,VIT-008,33,20,14
STO-NW-002,VIT-009,32,20,14
STO-NW-002,VIT-010,36,17,9
STO-NW-002,ALLERGY-001,38,22,13
STO-NW-002,ALLERGY-002,37,22,13
STO-NW-002,ALLERGY-003,35,21,13
STO-NW-002,ALLERGY-004,35,20,12
STO-NW-002,ALLERGY-005,33,19,12
STO-NW-002,ALLERGY-006,31,18,11
STO-NW-002,ALLERGY-007,30,17,11
STO-NW-002,ALLERGY-008,29,17,10
STO-NW-002,ALLERGY-009,28,15,10
STO-NW-002,ALLERGY-010,26,18,9
STO-NW-002,DIGEST-001,35,20,12
STO-NW-002,DIGEST-002,33,19,12
STO-NW-002,DIGEST-003,33,19,12
STO-NW-002,DIGEST-004,31,18,11
STO-NW-002,DIGEST-005,30,17,11
STO-NW-002,DIGEST-006,28,16,10
STO-NW-002,DIGEST-007,26,15,9
STO-NW-002,DIGEST-008,24,13,8
STO-NW-002,DIGEST-009,23,13,8
STO-NW-002,DIGEST-010,24,11,8
STO-NW-002,FIRST-001,16,11,7
STO-NW-002,FIRST-002,16,11,7
STO-NW-002,FIRST-003,15,10,7
STO-NW-002,FIRST-004,15,10,7
STO-NW-002,FIRST-005,15,10,7
STO-NW-002,FIRST-006,15,10,7
STO-NW-002,FIRST-007,15,10,7
STO-NW-002,FIRST-008,15,10,7
STO-NW-002,FIRST-009,15,10,7
STO-NW-002,FIRST-010,15,10,7
STO-NW-003,PAIN-001,46,28,17
STO-NW-003,PAIN-002,44,27,16
STO-NW-003,PAIN-003,41,25,15
STO-NW-003,PAIN-004,40,24,15
STO-NW-003,PAIN-005,38,23,14
STO-NW-003,PAIN-006,37,22,14
STO-NW-003,PAIN-007,34,21,13
STO-NW-003,PAIN-008,32,20,12
STO-NW-003,PAIN-009,30,19,11
STO-NW-003,PAIN-010,41,16,14
STO-NW-003,COLD-001,48,31,22
STO-NW-003,COLD-002,47,30,21
STO-NW-003,COLD-003,45,29,20
STO-NW-003,COLD-004,42,28,19
STO-NW-003,COLD-005,40,26,18
STO-NW-003,COLD-006,38,25,17
STO-NW-003,COLD-007,36,24,16
STO-NW-003,COLD-008,35,23,16
STO-NW-003,COLD-009,32,22,15
STO-NW-003,COLD-010,32,17,14
STO-NW-003,VIT-001,31,17,10
STO-NW-003,VIT-002,29,18,16
STO-NW-003,VIT-003,29,17,15
STO-NW-003,VIT-004,28,17,15
STO-NW-003,VIT-005,27,16,14
STO-NW-003,VIT-006,26,16,14
STO-NW-003,VIT-007,25,15,13
STO-NW-003,VIT-008,23,12,7
STO-NW-003,VIT-009,22,12,7
STO-NW-003,VIT-010,29,13,9
STO-NW-003,ALLERGY-001,50,18,16
STO-NW-003,ALLERGY-002,48,17,15
STO-NW-003,ALLERGY-003,46,17,15
STO-NW-003,ALLERGY-004,45,16,14
STO-NW-003,ALLERGY-005,43,16,14
STO-NW-003,ALLERGY-006,42,15,13
STO-NW-003,ALLERGY-007,41,15,13
STO-NW-003,ALLERGY-008,40,15,13
STO-NW-003,ALLERGY-009,36,14,12
STO-NW-003,ALLERGY-010,34,13,11
STO-NW-003,DIGEST-001,23,14,9
STO-NW-003,DIGEST-002,22,13,9
STO-NW-003,DIGEST-003,21,13,9
STO-NW-003,DIGEST-004,20,12,8
STO-NW-003,DIGEST-005,18,11,7
STO-NW-003,DIGEST-006,17,10,7
STO-NW-003,DIGEST-007,16,10,7
STO-NW-003,DIGEST-008,17,10,7
STO-NW-003,DIGEST-009,17,10,7
STO-NW-003,DIGEST-010,22,10,5
STO-NW-003,FIRST-001,5,8,6
STO-NW-003,FIRST-002,5,8,6
STO-NW-003,FIRST-003,5,8,6
STO-NW-003,FIRST-004,5,8,6
STO-NW-003,FIRST-005,5,8,6
STO-NW-003,FIRST-006,5,8,6
STO-NW-003,FIRST-007,5,8,6
STO-NW-003,FIRST-008,6,8,6
STO-NW-003,FIRST-009,5,8,6
STO-NW-003,FIRST-010,5,9,6
STO-SW-001,PAIN-001,78,33,26
STO-SW-001,PAIN-002,76,32,26
STO-SW-001,PAIN-003,74,31,25
STO-SW-001,PAIN-004,69,29,23
STO-SW-001,PAIN-005,67,27,22
STO-SW-001,PAIN-006,64,26,21
STO-SW-001,PAIN-007,61,25,21
STO-SW-001,PAIN-008,59,24,20
STO-SW-001,PAIN-009,57,23,19
STO-SW-001,PAIN-010,53,22,18
STO-SW-001,COLD-001,66,35,28
STO-SW-001,COLD-002,64,34,27
STO-SW-001,COLD-003,63,34,27
STO-SW-001,COLD-004,58,31,25
STO-SW-001,COLD-005,55,29,23
STO-SW-001,COLD-006,52,28,22
STO-SW-001,COLD-007,50,27,22
STO-SW-001,COLD-008,47,26,20
STO-SW-001,COLD-009,44,24,19
STO-SW-001,COLD-010,57,27,14
STO-SW-001,VIT-001,17,31,16
STO-SW-001,VIT-002,16,29,15
STO-SW-001,VIT-003,16,28,15
STO-SW-001,VIT-004,56,27,14
STO-SW-001,VIT-005,53,26,14
STO-SW-001,VIT-006,50,24,13
STO-SW-001,VIT-007,47,23,12
STO-SW-001,VIT-008,12,22,12
STO-SW-001,VIT-009,11,21,11
STO-SW-001,VIT-010,41,20,10
STO-SW-001,ALLERGY-001,6,39,28
STO-SW-001,ALLERGY-002,46,25,14
STO-SW-001,ALLERGY-003,44,24,13
STO-SW-001,ALLERGY-004,41,23,13
STO-SW-001,ALLERGY-005,40,22,12
STO-SW-001,ALLERGY-006,37,21,11
STO-SW-001,ALLERGY-007,36,20,11
STO-SW-001,ALLERGY-008,33,18,10
STO-SW-001,ALLERGY-009,32,18,10
STO-SW-001,ALLERGY-010,47,20,14
STO-SW-001,DIGEST-001,59,24,15
STO-SW-001,DIGEST-002,55,22,14
STO-SW-001,DIGEST-003,53,21,13
STO-SW-001,DIGEST-004,49,20,12
STO-SW-001,DIGEST-005,49,20,12
STO-SW-001,DIGEST-006,47,19,12
STO-SW-001,DIGEST-007,45,18,11
STO-SW-001,DIGEST-008,42,17,10
STO-SW-001,DIGEST-009,38,16,10
STO-SW-001,DIGEST-010,28,15,12
STO-SW-001,FIRST-001,19,15,11
STO-SW-001,FIRST-002,19,14,11
STO-SW-001,FIRST-003,17,13,10
STO-SW-001,FIRST-004,16,12,9
STO-SW-001,FIRST-005,15,11,9
STO-SW-001,FIRST-006,13,10,8
STO-SW-001,FIRST-007,12,10,7
STO-SW-001,FIRST-008,24,9,7
STO-SW-001,FIRST-009,12,9,7
STO-SW-001,FIRST-010,12,9,7
STO-SW-002,PAIN-001,48,34,23
STO-SW-002,PAIN-002,46,32,22
STO-SW-002,PAIN-003,44,31,21
STO-SW-002,PAIN-004,42,30,20
STO-SW-002,PAIN-005,41,29,19
STO-SW-002,PAIN-006,39,28,19
STO-SW-002,PAIN-007,37,27,18
STO-SW-002,PAIN-008,35,24,16
STO-SW-002,PAIN-009,33,23,15
STO-SW-002,PAIN-010,30,22,15
STO-SW-002,COLD-001,47,31,21
STO-SW-002,COLD-002,44,29,20
STO-SW-002,COLD-003,42,28,19
STO-SW-002,COLD-004,41,27,19
STO-SW-002,COLD-005,39,26,18
STO-SW-002,COLD-006,38,25,17
STO-SW-002,COLD-007,35,24,16
STO-SW-002,COLD-008,34,22,15
STO-SW-002,COLD-009,31,20,14
STO-SW-002,COLD-010,43,23,10
STO-SW-002,VIT-001,16,33,22
STO-SW-002,VIT-002,15,32,21
STO-SW-002,VIT-003,14,30,20
STO-SW-002,VIT-004,14,30,20
STO-SW-002,VIT-005,14,29,19
STO-SW-002,VIT-006,13,27,18
STO-SW-002,VIT-007,12,26,17
STO-SW-002,VIT-008,12,25,16
STO-SW-002,VIT-009,54,25,16
STO-SW-002,VIT-010,44,19,13
STO-SW-002,ALLERGY-001,17,26,16
STO-SW-002,ALLERGY-002,16,25,16
STO-SW-002,ALLERGY-003,15,24,15
STO-SW-002,ALLERGY-004,14,22,14
STO-SW-002,ALLERGY-005,14,22,13
STO-SW-002,ALLERGY-006,13,20,13
STO-SW-002,ALLERGY-007,12,19,12
STO-SW-002,ALLERGY-008,12,19,11
STO-SW-002,ALLERGY-009,11,17,11
STO-SW-002,ALLERGY-010,43,19,10
STO-SW-002,DIGEST-001,28,17,15
STO-SW-002,DIGEST-002,27,15,9
STO-SW-002,DIGEST-003,25,15,13
STO-SW-002,DIGEST-004,25,13,8
STO-SW-002,DIGEST-005,24,13,8
STO-SW-002,DIGEST-006,23,12,7
STO-SW-002,DIGEST-007,22,12,7
STO-SW-002,DIGEST-008,20,10,6
STO-SW-002,DIGEST-009,17,9,5
STO-SW-002,DIGEST-010,18,11,6
STO-SW-002,FIRST-001,33,13,9
STO-SW-002,FIRST-002,32,13,9
STO-SW-002,FIRST-003,29,12,8
STO-SW-002,FIRST-004,13,10,8
STO-SW-002,FIRST-005,12,10,7
STO-SW-002,FIRST-006,24,9,7
STO-SW-002,FIRST-007,23,9,7
STO-SW-002,FIRST-008,23,9,7
STO-SW-002,FIRST-009,23,9,7
STO-SW-002,FIRST-010,23,9,7
STO-SW-003,PAIN-001,76,33,18
STO-SW-003,PAIN-002,71,31,28
STO-SW-003,PAIN-003,68,30,27
STO-SW-003,PAIN-004,67,29,16
STO-SW-003,PAIN-005,65,28,15
STO-SW-003,PAIN-006,62,27,15
STO-SW-003,PAIN-007,60,26,14
STO-SW-003,PAIN-008,56,24,13
STO-SW-003,PAIN-009,53,22,13
STO-SW-003,PAIN-010,58,25,14
STO-SW-003,COLD-001,46,34,18
STO-SW-003,COLD-002,60,44,23
STO-SW-003,COLD-003,57,42,22
STO-SW-003,COLD-004,52,40,20
STO-SW-003,COLD-005,50,38,19
STO-SW-003,COLD-006,48,37,19
STO-SW-003,COLD-007,46,34,18
STO-SW-003,COLD-008,42,32,17
STO-SW-003,COLD-009,41,31,16
STO-SW-003,COLD-010,38,28,15
STO-SW-003,VIT-001,53,25,23
STO-SW-003,VIT-002,52,24,22
STO-SW-003,VIT-003,49,23,21
STO-SW-003,VIT-004,46,21,19
STO-SW-003,VIT-005,44,21,19
STO-SW-003,VIT-006,42,20,18
STO-SW-003,VIT-007,40,19,17
STO-SW-003,VIT-008,36,18,16
STO-SW-003,VIT-009,35,17,15
STO-SW-003,VIT-010,44,15,11
STO-SW-003,ALLERGY-001,66,29,20
STO-SW-003,ALLERGY-002,63,28,19
STO-SW-003,ALLERGY-003,61,27,19
STO-SW-003,ALLERGY-004,58,26,18
STO-SW-003,ALLERGY-005,57,25,17
STO-SW-003,ALLERGY-006,54,24,17
STO-SW-003,ALLERGY-007,52,23,16
STO-SW-003,ALLERGY-008,45,20,14
STO-SW-003,ALLERGY-009,44,20,13
STO-SW-003,ALLERGY-010,43,19,13
STO-SW-003,DIGEST-001,24,20,10
STO-SW-003,DIGEST-002,23,19,10
STO-SW-003,DIGEST-003,23,19,9
STO-SW-003,DIGEST-004,22,19,9
STO-SW-003,DIGEST-005,21,18,9
STO-SW-003,DIGEST-006,19,16,8
STO-SW-003,DIGEST-007,18,15,8
STO-SW-003,DIGEST-008,17,14,7
STO-SW-003,DIGEST-009,16,13,7
STO-SW-003,DIGEST-010,5,10,6
STO-SW-003,FIRST-001,16,11,9
STO-SW-003,FIRST-002,16,10,8
STO-SW-003,FIRST-003,15,10,8
STO-SW-003,FIRST-004,14,10,8
STO-SW-003,FIRST-005,14,9,7
STO-SW-003,FIRST-006,14,9,7
STO-SW-003,FIRST-007,14,9,7
STO-SW-003,FIRST-008,14,9,7
STO-SW-003,FIRST-009,14,9,7
STO-SW-003,FIRST-010,20,8,6
STO-MW-001,PAIN-001,101,40,33
STO-MW-001,PAIN-002,96,38,31
STO-MW-001,PAIN-003,94,37,30
STO-MW-001,PAIN-004,89,35,29
STO-MW-001,PAIN-005,85,34,28
STO-MW-001,PAIN-006,81,32,26
STO-MW-001,PAIN-007,76,30,25
STO-MW-001,PAIN-008,76,30,25
STO-MW-001,PAIN-009,71,28,23
STO-MW-001,PAIN-010,67,26,22
STO-MW-001,COLD-001,60,42,23
STO-MW-001,COLD-002,9,66,35
STO-MW-001,COLD-003,56,39,21
STO-MW-001,COLD-004,53,37,21
STO-MW-001,COLD-005,51,36,20
STO-MW-001,COLD-006,50,35,19
STO-MW-001,COLD-007,48,33,18
STO-MW-001,COLD-008,45,31,17
STO-MW-001,COLD-009,43,29,16
STO-MW-001,COLD-010,40,29,16
STO-MW-001,VIT-001,53,32,20
STO-MW-001,VIT-002,50,30,19
STO-MW-001,VIT-003,49,30,18
STO-MW-001,VIT-004,46,28,17
STO-MW-001,VIT-005,43,27,16
STO-MW-001,VIT-006,41,25,15
STO-MW-001,VIT-007,38,24,14
STO-MW-001,VIT-008,36,22,14
STO-MW-001,VIT-009,35,21,13
STO-MW-001,VIT-010,38,20,14
STO-MW-001,ALLERGY-001,62,26,18
STO-MW-001,ALLERGY-002,58,24,17
STO-MW-001,ALLERGY-003,54,23,16
STO-MW-001,ALLERGY-004,53,23,15
STO-MW-001,ALLERGY-005,52,22,15
STO-MW-001,ALLERGY-006,49,21,14
STO-MW-001,ALLERGY-007,48,21,14
STO-MW-001,ALLERGY-008,44,19,13
STO-MW-001,ALLERGY-009,44,19,13
STO-MW-001,ALLERGY-010,41,17,12
STO-MW-001,DIGEST-001,42,19,10
STO-MW-001,DIGEST-002,42,19,10
STO-MW-001,DIGEST-003,41,18,10
STO-MW-001,DIGEST-004,39,17,9
STO-MW-001,DIGEST-005,38,17,9
STO-MW-001,DIGEST-006,36,16,9
STO-MW-001,DIGEST-007,35,16,9
STO-MW-001,DIGEST-008,33,15,8
STO-MW-001,DIGEST-009,32,14,8
STO-MW-001,DIGEST-010,28,12,7
STO-MW-001,FIRST-001,23,10,8
STO-MW-001,FIRST-002,20,9,7
STO-MW-001,FIRST-003,19,9,7
STO-MW-001,FIRST-004,18,9,7
STO-MW-001,FIRST-005,17,8,6
STO-MW-001,FIRST-006,17,8,6
STO-MW-001,FIRST-007,16,8,6
STO-MW-001,FIRST-008,17,8,6
STO-MW-001,FIRST-009,17,8,6
STO-MW-001,FIRST-010,6,8,6
STO-MW-002,PAIN-001,63,33,22
STO-MW-002,PAIN-002,62,32,21
STO-MW-002,PAIN-003,60,31,21
STO-MW-002,PAIN-004,58,31,20
STO-MW-002,PAIN-005,53,28,18
STO-MW-002,PAIN-006,51,27,18
STO-MW-002,PAIN-007,50,26,17
STO-MW-002,PAIN-008,44,23,15
STO-MW-002,PAIN-009,43,23,15
STO-MW-002,PAIN-010,29,19,11
STO-MW-002,COLD-001,72,39,18
STO-MW-002,COLD-002,68,37,17
STO-MW-002,COLD-003,67,36,16
STO-MW-002,COLD-004,64,35,26
STO-MW-002,COLD-005,62,34,25
STO-MW-002,COLD-006,57,31,14
STO-MW-002,COLD-007,54,30,13
STO-MW-002,COLD-008,51,28,21
STO-MW-002,COLD-009,48,27,20
STO-MW-002,COLD-010,46,26,19
STO-MW-002,VIT-001,54,21,15
STO-MW-002,VIT-002,53,21,15
STO-MW-002,VIT-003,49,20,14
STO-MW-002,VIT-004,45,18,13
STO-MW-002,VIT-005,45,18,13
STO-MW-002,VIT-006,43,18,13
STO-MW-002,VIT-007,40,16,12
STO-MW-002,VIT-008,40,16,11
STO-MW-002,VIT-009,18,15,11
STO-MW-002,VIT-010,8,14,8
STO-MW-002,ALLERGY-001,31,19,11
STO-MW-002,ALLERGY-002,30,19,11
STO-MW-002,ALLERGY-003,29,18,10
STO-MW-002,ALLERGY-004,27,17,10
STO-MW-002,ALLERGY-005,26,16,9
STO-MW-002,ALLERGY-006,25,15,9
STO-MW-002,ALLERGY-007,23,15,8
STO-MW-002,ALLERGY-008,23,14,8
STO-MW-002,ALLERGY-009,21,13,7
STO-MW-002,ALLERGY-010,19,12,7
STO-MW-002,DIGEST-001,11,14,9
STO-MW-002,DIGEST-002,10,13,8
STO-MW-002,DIGEST-003,9,12,7
STO-MW-002,DIGEST-004,9,11,7
STO-MW-002,DIGEST-005,9,11,7
STO-MW-002,DIGEST-006,8,10,6
STO-MW-002,DIGEST-007,7,10,6
STO-MW-002,DIGEST-008,7,9,6
STO-MW-002,DIGEST-009,7,9,6
STO-MW-002,DIGEST-010,5,9,7
STO-MW-002,FIRST-001,22,9,7
STO-MW-002,FIRST-002,22,9,7
STO-MW-002,FIRST-003,22,9,7
STO-MW-002,FIRST-004,22,9,7
STO-MW-002,FIRST-005,22,9,7
STO-MW-002,FIRST-006,22,9,7
STO-MW-002,FIRST-007,22,9,7
STO-MW-002,FIRST-008,22,9,7
STO-MW-002,FIRST-009,22,9,7
STO-MW-002,FIRST-010,23,9,7
STO-MW-003,PAIN-001,73,38,25
STO-MW-003,PAIN-002,70,37,24
STO-MW-003,PAIN-003,67,35,23
STO-MW-003,PAIN-004,63,33,22
STO-MW-003,PAIN-005,62,32,22
STO-MW-003,PAIN-006,57,30,20
STO-MW-003,PAIN-007,56,29,19
STO-MW-003,PAIN-008,55,28,19
STO-MW-003,PAIN-009,52,26,18
STO-MW-003,PAIN-010,47,24,16
STO-MW-003,COLD-001,28,38,27
STO-MW-003,COLD-002,75,36,26
STO-MW-003,COLD-003,72,35,25
STO-MW-003,COLD-004,24,33,24
STO-MW-003,COLD-005,23,31,23
STO-MW-003,COLD-006,22,30,22
STO-MW-003,COLD-007,21,29,21
STO-MW-003,COLD-008,58,27,20
STO-MW-003,COLD-009,54,25,19
STO-MW-003,COLD-010,12,24,17
STO-MW-003,VIT-001,13,24,15
STO-MW-003,VIT-002,13,23,15
STO-MW-003,VIT-003,12,22,14
STO-MW-003,VIT-004,12,21,13
STO-MW-003,VIT-005,11,20,13
STO-MW-003,VIT-006,11,19,12
STO-MW-003,VIT-007,11,19,12
STO-MW-003,VIT-008,10,18,12
STO-MW-003,VIT-009,10,17,11
STO-MW-003,VIT-010,9,14,8
STO-MW-003,ALLERGY-001,9,21,13
STO-MW-003,ALLERGY-002,9,20,13
STO-MW-003,ALLERGY-003,9,20,13
STO-MW-003,ALLERGY-004,9,19,12
STO-MW-003,ALLERGY-005,8,18,12
STO-MW-003,ALLERGY-006,8,17,11
STO-MW-003,ALLERGY-007,8,17,11
STO-MW-003,ALLERGY-008,7,15,10
STO-MW-003,ALLERGY-009,7,15,10
STO-MW-003,ALLERGY-010,9,11,8
STO-MW-003,DIGEST-001,10,18,10
STO-MW-003,DIGEST-002,10,18,10
STO-MW-003,DIGEST-003,10,17,10
STO-MW-003,DIGEST-004,9,16,9
STO-MW-003,DIGEST-005,9,16,9
STO-MW-003,DIGEST-006,9,15,9
STO-MW-003,DIGEST-007,8,14,8
STO-MW-003,DIGEST-008,7,13,8
STO-MW-003,DIGEST-009,6,11,6
STO-MW-003,DIGEST-010,6,8,6
STO-MW-003,FIRST-001,22,10,6
STO-MW-003,FIRST-002,21,10,6
STO-MW-003,FIRST-003,21,9,5
STO-MW-003,FIRST-004,20,9,5
STO-MW-003,FIRST-005,20,9,5
STO-MW-003,FIRST-006,20,9,5
STO-MW-003,FIRST-007,20,9,5
STO-MW-003,FIRST-008,20,9,5
STO-MW-003,FIRST-009,20,9,5
STO-MW-003,FIRST-010,20,9,5
STO-SE-001,PAIN-001,121,52,34
STO-SE-001,PAIN-002,116,50,33
STO-SE-001,PAIN-003,9,60,45
STO-SE-001,PAIN-004,102,44,29
STO-SE-001,PAIN-005,96,42,27
STO-SE-001,PAIN-006,95,41,27
STO-SE-001,PAIN-007,90,39,25
STO-SE-001,PAIN-008,63,28,18
STO-SE-001,PAIN-009,59,26,17
STO-SE-001,PAIN-010,54,25,15
STO-SE-001,COLD-001,75,29,25
STO-SE-001,COLD-002,72,28,24
STO-SE-001,COLD-003,13,26,22
STO-SE-001,COLD-004,13,25,22
STO-SE-001,COLD-005,12,25,21
STO-SE-001,COLD-006,12,23,20
STO-SE-001,COLD-007,11,22,19
STO-SE-001,COLD-008,11,21,18
STO-SE-001,COLD-009,11,21,17
STO-SE-001,COLD-010,34,18,13
STO-SE-001,VIT-001,66,34,20
STO-SE-001,VIT-002,64,33,19
STO-SE-001,VIT-003,59,30,18
STO-SE-001,VIT-004,55,28,17
STO-SE-001,VIT-005,52,27,16
STO-SE-001,VIT-006,50,26,15
STO-SE-001,VIT-007,48,25,15
STO-SE-001,VIT-008,48,24,14
STO-SE-001,VIT-009,46,23,14
STO-SE-001,VIT-010,41,17,13
STO-SE-001,ALLERGY-001,61,30,21
STO-SE-001,ALLERGY-002,58,28,20
STO-SE-001,ALLERGY-003,55,27,19
STO-SE-001,ALLERGY-004,52,20,18
STO-SE-001,ALLERGY-005,50,25,17
STO-SE-001,ALLERGY-006,48,24,17
STO-SE-001,ALLERGY-007,46,23,16
STO-SE-001,ALLERGY-008,46,22,16
STO-SE-001,ALLERGY-009,44,21,15
STO-SE-001,ALLERGY-010,29,19,11
STO-SE-001,DIGEST-001,17,24,15
STO-SE-001,DIGEST-002,16,23,14
STO-SE-001,DIGEST-003,16,22,14
STO-SE-001,DIGEST-004,16,22,14
STO-SE-001,DIGEST-005,15,20,13
STO-SE-001,DIGEST-006,14,19,12
STO-SE-001,DIGEST-007,13,18,12
STO-SE-001,DIGEST-008,13,18,11
STO-SE-001,DIGEST-009,12,17,10
STO-SE-001,DIGEST-010,11,16,8
STO-SE-001,FIRST-001,28,12,8
STO-SE-001,FIRST-002,26,11,8
STO-SE-001,FIRST-003,24,11,7
STO-SE-001,FIRST-004,23,10,7
STO-SE-001,FIRST-005,21,10,6
STO-SE-001,FIRST-006,20,9,6
STO-SE-001,FIRST-007,19,9,6
STO-SE-001,FIRST-008,19,8,6
STO-SE-001,FIRST-009,19,8,6
STO-SE-001,FIRST-010,18,8,5
STO-SE-002,PAIN-001,75,28,22
STO-SE-002,PAIN-002,72,27,21
STO-SE-002,PAIN-003,68,26,20
STO-SE-002,PAIN-004,66,25,19
STO-SE-002,PAIN-005,63,24,18
STO-SE-002,PAIN-006,61,23,18
STO-SE-002,PAIN-007,57,22,16
STO-SE-002,PAIN-008,54,20,16
STO-SE-002,PAIN-009,51,19,15
STO-SE-002,PAIN-010,50,22,15
STO-SE-002,COLD-001,20,26,22
STO-SE-002,COLD-002,19,25,22
STO-SE-002,COLD-003,19,25,21
STO-SE-002,COLD-004,18,24,20
STO-SE-002,COLD-005,17,23,19
STO-SE-002,COLD-006,17,22,18
STO-SE-002,COLD-007,16,20,17
STO-SE-002,COLD-008,14,18,16
STO-SE-002,COLD-009,13,18,15
STO-SE-002,COLD-010,13,17,11
STO-SE-002,VIT-001,61,28,21
STO-SE-002,VIT-002,57,27,20
STO-SE-002,VIT-003,56,26,19
STO-SE-002,VIT-004,53,25,18
STO-SE-002,VIT-005,50,23,17
STO-SE-002,VIT-006,48,23,17
STO-SE-002,VIT-007,46,22,16
STO-SE-002,VIT-008,44,21,15
STO-SE-002,VIT-009,42,20,14
STO-SE-002,VIT-010,38,19,13
STO-SE-002,ALLERGY-001,45,17,12
STO-SE-002,ALLERGY-002,44,17,11
STO-SE-002,ALLERGY-003,42,16,11
STO-SE-002,ALLERGY-004,41,15,11
STO-SE-002,ALLERGY-005,40,15,10
STO-SE-002,ALLERGY-006,38,14,10
STO-SE-002,ALLERGY-007,37,14,10
STO-SE-002,ALLERGY-008,33,13,9
STO-SE-002,ALLERGY-009,31,12,8
STO-SE-002,ALLERGY-010,27,11,7
STO-SE-002,DIGEST-001,12,19,11
STO-SE-002,DIGEST-002,42,18,10
STO-SE-002,DIGEST-003,40,18,10
STO-SE-002,DIGEST-004,39,17,10
STO-SE-002,DIGEST-005,36,16,9
STO-SE-002,DIGEST-006,34,15,8
STO-SE-002,DIGEST-007,33,15,8
STO-SE-002,DIGEST-008,8,13,8
STO-SE-002,DIGEST-009,8,12,7
STO-SE-002,DIGEST-010,27,12,7
STO-SE-002,FIRST-001,16,9,7
STO-SE-002,FIRST-002,16,9,7
STO-SE-002,FIRST-003,16,9,7
STO-SE-002,FIRST-004,17,9,7
STO-SE-002,FIRST-005,17,9,7
STO-SE-002,FIRST-006,17,9,7
STO-SE-002,FIRST-007,17,9,7
STO-SE-002,FIRST-008,16,9,7
STO-SE-002,FIRST-009,16,9,7
STO-SE-002,FIRST-010,16,9,7
STO-SE-003,PAIN-001,22,43,27
STO-SE-003,PAIN-002,21,41,26
STO-SE-003,PAIN-003,56,39,25
STO-SE-003,PAIN-004,19,37,24
STO-SE-003,PAIN-005,19,36,23
STO-SE-003,PAIN-006,18,34,22
STO-SE-003,PAIN-007,17,32,20
STO-SE-003,PAIN-008,43,31,20
STO-SE-003,PAIN-009,41,30,19
STO-SE-003,PAIN-010,40,24,18
STO-SE-003,COLD-001,25,31,24
STO-SE-003,COLD-002,24,30,23
STO-SE-003,COLD-003,24,29,22
STO-SE-003,COLD-004,23,28,22
STO-SE-003,COLD-005,22,27,21
STO-SE-003,COLD-006,21,26,20
STO-SE-003,COLD-007,20,24,19
STO-SE-003,COLD-008,19,23,17
STO-SE-003,COLD-009,18,22,17
STO-SE-003,COLD-010,16,20,16
STO-SE-003,VIT-001,77,26,19
STO-SE-003,VIT-002,75,26,19
STO-SE-003,VIT-003,71,24,18
STO-SE-003,VIT-004,5,37,23
STO-SE-003,VIT-005,63,21,16
STO-SE-003,VIT-006,60,21,15
STO-SE-003,VIT-007,60,20,15
STO-SE-003,VIT-008,56,20,14
STO-SE-003,VIT-009,52,18,13
STO-SE-003,VIT-010,38,18,16
STO-SE-003,ALLERGY-001,55,23,21
STO-SE-003,ALLERGY-002,51,21,19
STO-SE-003,ALLERGY-003,49,21,19
STO-SE-003,ALLERGY-004,48,19,11
STO-SE-003,ALLERGY-005,47,19,11
STO-SE-003,ALLERGY-006,44,18,10
STO-SE-003,ALLERGY-007,41,17,9
STO-SE-003,ALLERGY-008,38,16,14
STO-SE-003,ALLERGY-009,37,16,14
STO-SE-003,ALLERGY-010,38,15,9
STO-SE-003,DIGEST-001,42,21,11
STO-SE-003,DIGEST-002,39,19,10
STO-SE-003,DIGEST-003,39,19,10
STO-SE-003,DIGEST-004,36,18,9
STO-SE-003,DIGEST-005,34,17,9
STO-SE-003,DIGEST-006,33,16,8
STO-SE-003,DIGEST-007,31,15,8
STO-SE-003,DIGEST-008,30,15,7
STO-SE-003,DIGEST-009,27,14,7
STO-SE-003,DIGEST-010,8,14,7
STO-SE-003,FIRST-001,25,11,6
STO-SE-003,FIRST-002,23,10,6
STO-SE-003,FIRST-003,22,9,5
STO-SE-003,FIRST-004,21,9,5
STO-SE-003,FIRST-005,20,8,5
STO-SE-003,FIRST-006,20,8,5
STO-SE-003,FIRST-007,20,8,5
STO-SE-003,FIRST-008,19,8,5
STO-SE-003,FIRST-009,19,8,5
STO-SE-003,FIRST-010,20,10,5
STO-NE-001,PAIN-001,60,35,23
STO-NE-001,PAIN-002,57,33,22
STO-NE-001,PAIN-003,55,32,21
STO-NE-001,PAIN-004,54,31,21
STO-NE-001,PAIN-005,51,29,19
STO-NE-001,PAIN-006,49,28,19
STO-NE-001,PAIN-007,46,27,18
STO-NE-001,PAIN-008,42,25,16
STO-NE-001,PAIN-009,41,25,16
STO-NE-001,PAIN-010,39,23,15
STO-NE-001,COLD-001,67,34,23
STO-NE-001,COLD-002,66,34,23
STO-NE-001,COLD-003,61,31,21
STO-NE-001,COLD-004,59,30,20
STO-NE-001,COLD-005,57,29,19
STO-NE-001,COLD-006,54,27,18
STO-NE-001,COLD-007,51,26,18
STO-NE-001,COLD-008,49,25,17
STO-NE-001,COLD-009,46,24,16
STO-NE-001,COLD-010,42,22,15
STO-NE-001,VIT-001,50,24,12
STO-NE-001,VIT-002,48,23,12
STO-NE-001,VIT-003,46,22,11
STO-NE-001,VIT-004,44,21,11
STO-NE-001,VIT-005,42,20,10
STO-NE-001,VIT-006,39,19,10
STO-NE-001,VIT-007,38,18,10
STO-NE-001,VIT-008,38,18,9
STO-NE-001,VIT-009,36,17,9
STO-NE-001,VIT-010,32,18,8
STO-NE-001,ALLERGY-001,56,33,18
STO-NE-001,ALLERGY-002,54,32,18
STO-NE-001,ALLERGY-003,52,31,17
STO-NE-001,ALLERGY-004,49,29,16
STO-NE-001,ALLERGY-005,47,28,15
STO-NE-001,ALLERGY-006,45,27,15
STO-NE-001,ALLERGY-007,43,26,14
STO-NE-001,ALLERGY-008,31,18,10
STO-NE-001,ALLERGY-009,30,17,10
STO-NE-001,ALLERGY-010,33,19,11
STO-NE-001,DIGEST-001,5,32,17
STO-NE-001,DIGEST-002,27,21,13
STO-NE-001,DIGEST-003,26,20,13
STO-NE-001,DIGEST-004,7,19,12
STO-NE-001,DIGEST-005,24,19,12
STO-NE-001,DIGEST-006,24,18,12
STO-NE-001,DIGEST-007,22,17,11
STO-NE-001,DIGEST-008,7,17,11
STO-NE-001,DIGEST-009,6,16,10
STO-NE-001,DIGEST-010,26,14,7
STO-NE-001,FIRST-001,32,12,10
STO-NE-001,FIRST-002,31,12,10
STO-NE-001,FIRST-003,30,11,9
STO-NE-001,FIRST-004,27,10,8
STO-NE-001,FIRST-005,24,10,8
STO-NE-001,FIRST-006,23,9,7
STO-NE-001,FIRST-007,23,9,7
STO-NE-001,FIRST-008,23,9,7
STO-NE-001,FIRST-009,23,9,7
STO-NE-001,FIRST-010,23,9,7
STO-NE-002,PAIN-001,81,36,32
STO-NE-002,PAIN-002,76,34,30
STO-NE-002,PAIN-003,74,33,29
STO-NE-002,PAIN-004,73,33,17
STO-NE-002,PAIN-005,70,31,17
STO-NE-002,PAIN-006,65,29,25
STO-NE-002,PAIN-007,62,28,24
STO-NE-002,PAIN-008,59,26,14
STO-NE-002,PAIN-009,57,25,13
STO-NE-002,PAIN-010,63,28,15
STO-NE-002,COLD-001,78,37,22
STO-NE-002,COLD-002,74,35,21
STO-NE-002,COLD-003,73,34,21
STO-NE-002,COLD-004,69,33,20
STO-NE-002,COLD-005,65,31,19
STO-NE-002,COLD-006,63,30,18
STO-NE-002,COLD-007,61,29,17
STO-NE-002,COLD-008,72,34,21
STO-NE-002,COLD-009,70,33,20
STO-NE-002,COLD-010,51,24,15
STO-NE-002,VIT-001,48,36,22
STO-NE-002,VIT-002,47,35,22
STO-NE-002,VIT-003,45,34,21
STO-NE-002,VIT-004,44,32,20
STO-NE-002,VIT-005,41,31,19
STO-NE-002,VIT-006,39,29,18
STO-NE-002,VIT-007,37,27,17
STO-NE-002,VIT-008,17,26,16
STO-NE-002,VIT-009,16,25,15
STO-NE-002,VIT-010,15,23,11
STO-NE-002,ALLERGY-001,67,29,20
STO-NE-002,ALLERGY-002,64,28,19
STO-NE-002,ALLERGY-003,61,26,18
STO-NE-002,ALLERGY-004,59,26,18
STO-NE-002,ALLERGY-005,57,24,17
STO-NE-002,ALLERGY-006,54,23,16
STO-NE-002,ALLERGY-007,51,22,15
STO-NE-002,ALLERGY-008,47,20,14
STO-NE-002,ALLERGY-009,44,19,13
STO-NE-002,ALLERGY-010,37,16,11
STO-NE-002,DIGEST-001,32,20,16
STO-NE-002,DIGEST-002,31,19,16
STO-NE-002,DIGEST-003,29,18,15
STO-NE-002,DIGEST-004,27,17,14
STO-NE-002,DIGEST-005,26,16,13
STO-NE-002,DIGEST-006,50,16,13
STO-NE-002,DIGEST-007,23,15,12
STO-NE-002,DIGEST-008,23,20,12
STO-NE-002,DIGEST-009,23,20,11
STO-NE-002,DIGEST-010,22,16,11
STO-NE-002,FIRST-001,27,12,10
STO-NE-002,FIRST-002,25,12,9
STO-NE-002,FIRST-003,24,11,9
STO-NE-002,FIRST-004,22,10,8
STO-NE-002,FIRST-005,21,10,8
STO-NE-002,FIRST-006,20,9,7
STO-NE-002,FIRST-007,20,9,7
STO-NE-002,FIRST-008,20,9,7
STO-NE-002,FIRST-009,20,9,7
STO-NE-002,FIRST-010,14,9,6
STO-NE-003,PAIN-001,43,27,20
STO-NE-003,PAIN-002,42,26,19
STO-NE-003,PAIN-003,40,25,19
STO-NE-003,PAIN-004,38,24,18
STO-NE-003,PAIN-005,36,23,17
STO-NE-003,PAIN-006,35,22,16
STO-NE-003,PAIN-007,32,20,15
STO-NE-003,PAIN-008,33,20,15
STO-NE-003,PAIN-009,11,20,15
STO-NE-003,PAIN-010,25,16,12
STO-NE-003,COLD-001,44,33,20
STO-NE-003,COLD-002,41,32,19
STO-NE-003,COLD-003,39,30,18
STO-NE-003,COLD-004,37,29,17
STO-NE-003,COLD-005,35,27,16
STO-NE-003,COLD-006,34,26,16
STO-NE-003,COLD-007,32,25,15
STO-NE-003,COLD-008,32,24,15
STO-NE-003,COLD-009,31,23,14
STO-NE-003,COLD-010,42,18,16
STO-NE-003,VIT-001,9,23,12
STO-NE-003,VIT-002,9,22,11
STO-NE-003,VIT-003,8,21,11
STO-NE-003,VIT-004,8,21,11
STO-NE-003,VIT-005,8,19,10
STO-NE-003,VIT-006,8,19,10
STO-NE-003,VIT-007,7,18,10
STO-NE-003,VIT-008,7,18,9
STO-NE-003,VIT-009,7,17,8
STO-NE-003,VIT-010,10,16,9
STO-NE-003,ALLERGY-001,46,23,17
STO-NE-003,ALLERGY-002,45,22,17
STO-NE-003,ALLERGY-003,44,21,16
STO-NE-003,ALLERGY-004,42,20,15
STO-NE-003,ALLERGY-005,39,19,14
STO-NE-003,ALLERGY-006,38,18,14
STO-NE-003,ALLERGY-007,34,17,13
STO-NE-003,ALLERGY-008,31,15,12
STO-NE-003,ALLERGY-009,29,14,11
STO-NE-003,ALLERGY-010,29,13,11
STO-NE-003,DIGEST-001,42,19,13
STO-NE-003,DIGEST-002,13,19,12
STO-NE-003,DIGEST-003,13,18,12
STO-NE-003,DIGEST-004,12,17,11
STO-NE-003,DIGEST-005,12,17,11
STO-NE-003,DIGEST-006,11,16,10
STO-NE-003,DIGEST-007,11,15,10
STO-NE-003,DIGEST-008,30,13,9
STO-NE-003,DIGEST-009,27,12,8
STO-NE-003,DIGEST-010,25,9,7
STO-NE-003,FIRST-001,19,9,7
STO-NE-003,FIRST-002,18,9,7
STO-NE-003,FIRST-003,18,9,7
STO-NE-003,FIRST-004,18,9,7
STO-NE-003,FIRST-005,18,9,7
STO-NE-003,FIRST-006,18,9,7
STO-NE-003,FIRST-007,18,9,7
STO-NE-003,FIRST-008,17,9,7
STO-NE-003,FIRST-009,17,9,7
STO-NE-003,FIRST-010,16,8,6
